id,text,label
ai_1,"It is not recommended to use Primolut N during pregnancy, as it can cause harm to the developing baby. Primolut N is a medication that contains the hormone norethisterone, which is used to regulate the menstrual cycle and treat menstrual disorders. When taken during pregnancy, it can interfere with the normal development of the fetus and increase the risk of birth defects. If you are pregnant and have taken Primolut N, it is important to speak with your healthcare provider as soon as possible. They will be able to advise you on the best course of action and provide any necessary medical care to ensure the health and safety of you and your baby.",1
human_2,"Hello,Thanks for the query to H.C.M. Forum.Pain is on the right side in lower abdominal region, so may be due to .1 Right renal colic , diagnosis can be confirmed by ultrasound of abdomen .2 Amoebic colitis , most possible reason in  this age group . Diagnosis can be confirmed by physical examination .3 Appendicitis , a least possible cause in this age group , so need not to worry . In my opinion consult your physician and get his opinion . At least ,if pain is bearable need not to visit E R .Good luck. Dr. HET",0
ai_3,"If you are experiencing abdominal pain and bloating, especially if it is severe or accompanied by other symptoms such as fever, vomiting, or diarrhea, it is important to seek medical attention as soon as possible. Appendicitis is a potentially serious condition that requires prompt treatment, and the symptoms you have described could be indicative of appendicitis or another serious condition.

If you are unable to reach your doctor or do not have one, it is advisable to go to the nearest emergency department or urgent care center for evaluation and treatment. Do not hesitate to seek medical attention, especially if you are experiencing severe or worsening symptoms. It is better to be safe and get checked out by a medical professional rather than risk worsening your condition.",1
human_4,"Hello, The use of Clindamycin can cause stomach pain or a hyperacidity of the stomach. So, I recommend using a medication to lower the acidity production such as Omeprazole daily. I also suggest using Maalox three times a day and avoid food that can trigger the symptoms such as spicy food. Hope I have answered your query. Let me know if I can assist you further. Take care Regards,Dr. Dorina Gurabardhi, General & Family Physician",0
ai_5,"It is possible that chest pain could be related to the use of Clindamycin and Oxycodone. However, it is also important to consider other potential causes of chest pain, such as heart problems or other underlying health conditions. It is important to speak with a healthcare provider if you are experiencing chest pain, as this could be a serious issue that requires medical attention. In the meantime, you should follow the instructions of your healthcare provider and report any adverse effects to them. If you are experiencing difficulty breathing or severe chest pain, you should seek immediate medical attention.",1
ai_6,"It is difficult to accurately diagnose a condition without examining the affected area in person. However, it is possible that the yellowish sag in your daughter's gum could be a gum boil, also known as a dental abscess. A gum boil is a painful, pus-filled swelling that can occur when bacteria enter the gums and cause an infection.

If you are concerned about your daughter's dental health, it is important to consult a dentist or a pediatrician as soon as possible. They will be able to examine the affected area and provide a proper diagnosis and treatment plan. In the meantime, you can try to reduce any discomfort by gently rinsing your daughter's mouth with warm salt water.

It is also important to ensure that your daughter is practicing good oral hygiene. This includes brushing their teeth at least twice a day, using fluoride toothpaste, and avoiding sugary foods and drinks.

I recommend that you do not try to treat the condition yourself, as it is important to receive a proper diagnosis and treatment from a healthcare professional.",1
human_7,"Hi Dear,Welcome to Healthcaremagic Team.Understanding your concern. As per your query you have symptoms of low grade fever, hot and cold sweats with rashes on arms which seems to be due to viral infection.  Symptoms are because your immunity is lower down because of infection. I would suggest you to start with intake of paracetamol to prevent fever and combination of decongestants and multivitamin tablet. Avoid taking outside food. Drink plenty of fluids.  Your symptoms will resolve in 5-7 days. Avoid touching eyes, nose again and again. If your symptoms keeps on persisting the visit physician and get vaccination done.Hope your concern has been resolved.Get Well Soon.Best Wishes,Dr. Harry Maheshwari",0
ai_8,"I'm sorry to hear that you're feeling sick. It sounds like you may be experiencing some symptoms of an illness or infection. It's important to consult with a healthcare professional to determine the cause of your symptoms and receive proper treatment. In the meantime, there are some things you can try to help alleviate your symptoms:

Get plenty of rest: Try to get as much rest as possible to allow your body to heal and recover.

Stay hydrated: Drink plenty of fluids, such as water and electrolyte-rich beverages, to help prevent dehydration.

Take over-the-counter pain medications: Nonsteroidal anti-inflammatory drugs (NSAIDs) such as acetaminophen (Tylenol) or ibuprofen (Advil) can help reduce fever and body aches.

Use a fever-reducing medication: If your fever is high, you may benefit from taking a fever-reducing medication such as acetaminophen or ibuprofen.

Use a humidifier: A humidifier can help to add moisture to the air, which can help to alleviate cold sweats and reduce the severity of your symptoms.

Avoid exposure to extreme temperatures: Try to stay in a comfortable, temperate environment to avoid exacerbating your symptoms.

It's important to remember that these measures are only meant to provide temporary relief and that it's important to seek medical attention if your symptoms persist or worsen. If you're concerned about your health, it's important to speak with a healthcare professional as soon as possible.",1
human_9,"Hi. The whole problem can be attributed to dust allergy and bronchospasm due to cold. I would suggest the continuation of inhaler therapy for at least three months, a patch test to seek out the allergen, and dust free surroundings, (dust can harbor mites which are known to cause allergy. As you said your problem is increasing day by day I would suggest an ECG and echo just to ensure we are not dealing with an additional cardiac cause here, because usually once the cold or allergy is removed the patient usually returns completely to normal. Allergic rhinitis.",0
ai_10,"Wheezing and shortness of breath can be symptoms of a number of different conditions, including colds, allergies, and asthma. If you are experiencing these symptoms, it is important to speak with a healthcare provider to determine the cause and to receive appropriate treatment.

If you have a cold, there are a few things you can do to help reduce your symptoms:

Get plenty of rest: Your body needs extra energy to fight off the infection, so it is important to get enough rest.

Stay hydrated: Drink plenty of fluids, such as water and broth, to help loosen congestion and keep your throat moist.

Use a humidifier: A humidifier can help to add moisture to the air, which can help to ease congestion and make breathing easier.

Use over-the-counter medications: There are several over-the-counter medications that can help to reduce cold symptoms, such as decongestants and antihistamines.

If you have allergies, it is important to try to avoid exposure to the substances that trigger your symptoms. This may involve using air purifiers, avoiding certain types of food or plants, and taking allergy medications as prescribed by your healthcare provider.

If you have asthma, it is important to follow your asthma action plan as directed by your healthcare provider. This may involve taking medications, such as inhaled corticosteroids, as well as avoiding triggers that can cause asthma symptoms.

It is important to speak with a healthcare provider if you are experiencing persistent or severe wheezing or shortness of breath, or if your symptoms are not responding to over-the-counter treatments. A healthcare provider can help to determine the cause of your symptoms and recommend the most appropriate treatment.",1
human_11,"Hello, Clexane is a medicinal product used to prevent the formation of coagules like Warfarin, therefore the adverse effects are hematomas, tend to bleed, hematoma in the site of injections. In adequate dose should not have major problems, there are adverse effects seen in blood test only, but in addition to that it is a pretty safe medicinal product. Hope I have answered your query. Let me know if I can assist you further. Regards,Dr. Jose Mero Santana, General & Family Physician",0
ai_12,"It is generally recommended that patients taking warfarin switch to a different blood thinner before surgery to reduce the risk of bleeding during the procedure. The specific blood thinner that your healthcare provider has prescribed for you, enoxaparin (brand name Lovenox), is commonly used for this purpose.

Enoxaparin is an injectable blood thinner that is given subcutaneously (under the skin) in the abdominal area. It works by preventing blood clots from forming.

There are some potential side effects associated with enoxaparin, although most people do not experience any problems. Possible side effects include:

Bleeding: As with any blood thinner, the most common side effect of enoxaparin is bleeding. This can occur at the injection site or elsewhere in the body. If you experience bleeding that is severe or persistent, or if you notice any unusual bleeding or bruising, you should contact your healthcare provider.

Allergic reactions: Some people may experience allergic reactions to enoxaparin, such as hives, rash, or difficulty breathing. If you have a history of allergies or have had an allergic reaction to enoxaparin in the past, be sure to let your healthcare provider know.

Other side effects: Other possible side effects of enoxaparin include nausea, vomiting, diarrhea, and stomach pain. These side effects are generally mild and should resolve on their own. If you experience any of these side effects, or if you have any other concerns about your treatment with enoxaparin, you should speak with your healthcare provider.

It's important to follow your healthcare provider's instructions for taking enoxaparin, as well as any other medications that you may be prescribed. Be sure to ask your healthcare provider any questions you may have about your treatment.",1
human_13,"Thanks for your question on Health Care Magic. I can understand your concern. Your occupation has no direct connection with your symptoms. You are having sedentary lifestyle (prolonged sitting). And sedentary lifestyle can cause heart diseases, Heart diseases can cause chest pain, pressure and tightness. So better to get done ecg and 2d echo. If both are normal then no need to worry for heart diseases. Sometimes gastritis and GERD (gastroesophageal reflux disease) can cause similar symptoms. So avoid prolonged sitting. Walk or change your position after some time (1-2 hours). Start proton pump inhibitors. Avoid stress and tension. Avoid hot and spicy food. Don't worry, you will be alright.But first rule out heart diseases. Hope I have solved your query. Wish you good health. Thanks.",0
ai_14,"There are many possible causes of pressure or tightness in the chest region. Some possible causes include:

Heart problems: Chest pressure or tightness can be a symptom of a heart attack, angina (chest pain caused by reduced blood flow to the heart), or other heart conditions.

Respiratory problems: Chest pressure or tightness can be caused by respiratory problems such as asthma, bronchitis, or pneumonia.

Musculoskeletal issues: Chest pressure or tightness can also be caused by musculoskeletal problems such as muscle strain or a pinched nerve.

Gastrointestinal problems: Chest pressure or tightness can be caused by gastrointestinal problems such as acid reflux or an ulcer.

Anxiety or stress: Psychological factors such as anxiety or stress can also cause chest pressure or tightness.

It is possible that sitting for extended periods of time could contribute to chest pressure or tightness, particularly if it leads to musculoskeletal problems or discomfort. However, it is important to consult with a healthcare professional to determine the specific cause of your symptoms. They will be able to recommend appropriate treatment based on the underlying cause.",1
ai_15,"Folliculitis is an infection of the hair follicles that can occur anywhere on the body, including the penis. It can be caused by a variety of factors, such as bacteria, fungi, or irritation from clothing or other substances.

Treatment for folliculitis on the penis will depend on the underlying cause and the severity of the infection. Here are some potential treatment options:

Antibiotics: If the infection is caused by bacteria, your doctor may prescribe oral or topical antibiotics to help kill the bacteria and prevent the infection from spreading.

Antifungal medications: If the infection is caused by a fungus, your doctor may prescribe antifungal medications to help kill the fungus and clear up the infection.

Soothing creams and ointments: Your doctor may recommend using creams or ointments to soothe the skin and help reduce irritation and inflammation.

Avoiding irritants: If certain substances or activities are causing irritation or worsening the infection, it may be necessary to avoid them until the infection has cleared up.

It's important to follow your doctor's treatment recommendations closely and complete the entire course of treatment as prescribed, even if the symptoms improve. If your symptoms do not improve after a week or two of treatment, or if the infection appears to be getting worse, it's important to follow up with your doctor for further evaluation and possible changes to your treatment plan.",1
human_16,HelloThanks for query .Pain at the urination is mostly due to infection of Bladder (Cystitis) however since you are known to have history of kidney stone possibility of urinary stone needs to be ruled out .Please consult qualified Urologist for clinical  examination and get following basic tests done to confirm the diagnosis.1) Urine routine and culture.2) Ultrasound scanning of abdomen and pelvisTake broad spectrum antibiotics like Cefixime   along with urinary antiseptic like Nitrofurantoin twice daily and urine alkalizer thrice daily .Later on switch on to appropriate antibiotics as per culture report.Get the prescription of medicines from your family Physician.Ensure to drink more water .To keep your urine dilute This will help to control dysuria.Dr.Patil.,0
ai_17,"It is possible that the pain you are experiencing while urinating and during intercourse could be due to a kidney stone or a urinary tract infection (UTI). However, it is also possible that the pain could be due to something else entirely. It is important to speak with a healthcare provider to determine the cause of the pain and receive proper treatment.

Kidney stones are hard masses made of crystals that form in the kidneys and can cause pain when they move through the urinary tract. The pain associated with kidney stones is typically described as a sharp, cramping pain in the lower back, side, or groin area. It is often accompanied by nausea, vomiting, and blood in the urine.

UTIs are infections of the urinary system, which includes the kidneys, bladder, ureters, and urethra. UTIs can cause symptoms such as pain or burning while urinating, frequent urges to urinate, cloudy or bloody urine, and lower abdominal pain. UTIs can also cause discomfort during intercourse.

It is important to see a healthcare provider for a proper diagnosis and treatment. In the meantime, you can try drinking plenty of water to help flush out your urinary system and relieve some of the pain.",1
human_18,"hi.you need some investigation and checkup for blood pressure. without knowing your blood sugar, cholesterol and blood pressure its very difficult to prescribe you medicine. first go for investigation. then only treatment can be given. you can go to government hospital with low charges. but once you need to go for investigation. then take treament accordingly.thanks for using health care magic.",0
ai_19,"I'm sorry to hear about your health concerns and financial difficulties. It's important to manage conditions like high blood pressure, high cholesterol, and diabetes, as they can lead to serious health problems if left untreated. Here are a few options for managing these conditions:

Lifestyle changes: Making changes to your diet, exercise routine, and other lifestyle habits can often help to lower blood pressure, cholesterol, and blood sugar levels. Some specific strategies that may be helpful include:
Eating a healthy, balanced diet that is low in salt, saturated fat, and added sugars
Engaging in regular physical activity, such as walking, cycling, or swimming
Reducing stress through techniques like deep breathing, meditation, or yoga
Quitting smoking, if you are a smoker
Over-the-counter medications: There are a few over-the-counter medications that can help to lower blood pressure or cholesterol. For example, you can try taking fish oil or omega-3 supplements to help lower your cholesterol. You can also try taking a daily aspirin, which can help to lower your risk of heart attack and stroke.

Low-cost or free clinics: There may be low-cost or free clinics in your area that can provide you with basic healthcare services, including medication and treatment for conditions like high blood pressure, high cholesterol, and diabetes. You can search online or call your local health department to find out more about these resources.

Patient assistance programs: Many pharmaceutical companies offer patient assistance programs that provide medications to people who cannot afford them. You can contact the manufacturer of the medications you need to see if they offer a patient assistance program.

It's also important to talk to a healthcare provider about your health concerns and treatment options. A healthcare provider can help you determine the best course of action based on your specific needs and circumstances.",1
human_20,"Hello. The skin of these parts are naturally darker than rest of body, especially in skin types from three to six. This pigmentation can be reduced by regular application of Vitamin C and Kojic acid-containing combination products to these areas. Add antioxidants to your diet and drink a lot of plenty of water. Apply Eventone c body milk to these areas bd for a month. Drink a lot of fresh and clean water. Follow-up at after a month.",0
ai_21,"There are a number of potential causes for dark skin or hyperpigmentation in the genital area and on the buttocks. Some common causes include:

Friction: Tight clothing or repetitive rubbing or chafing can cause irritation and darkening of the skin in these areas.

Hormonal changes: Increases in certain hormones, such as testosterone, can lead to increased melanin production and darkening of the skin.

Genetics: Some people are more prone to hyperpigmentation due to their genetics.

Sun exposure: Excessive sun exposure can lead to hyperpigmentation in exposed areas of the skin, including the buttocks and genital area.

Certain medications: Some medications, such as birth control pills, can cause hyperpigmentation as a side effect.

To address darkening or dullness of the skin in these areas, you may want to try the following:

Wear loose, breathable clothing to reduce friction and irritation.

Use a gentle, unscented soap to clean the area and pat it dry rather than rubbing it.

Apply a moisturizer to keep the skin hydrated.

Protect the skin from the sun by wearing protective clothing or applying a broad-spectrum sunscreen with SPF 30 or higher.

If these measures do not improve the appearance of your skin, or if you have any other concerns, it is important to consult a dermatologist or healthcare provider. They can help determine the cause of the


·
ChatGPT Dec 15 Version. Free Research Preview. Our goal is to make AI systems more natural and safe to interact with. Your feedback will help us improve.
New chat
New chat


Managing Blood Pressure Cholesterol Diabetes
Pain during urination UTI?
Treatment For Folliculitis On Penis
Causes of Chest Pressure
Switching from Warfarin to Enoxaparin
Control Wheezing Cold Symptoms
Illness Symptom Relief Suggestions
Gum Boil in Toddler
Chest Pain Clindamycin Oxycodone
Seek Medical Attention for Abdominal Pain
Primolut N and pregnancy
New chat
Invalid Command or Request
建立自信方法
装修公司水电安装纠纷
化工厂职业病预防责任
继承房产法律咨询
法律协议有效性
电动车责任讨论
Show more
Clear conversations
Light mode
OpenAI Discord
Updates & FAQ
Log out",1
human_22,"Hi dear, I have gone through your question and understand your concerns. Spotting after intercourse in early pregnancy can be due to threatened abortion, or some local lesions in cervix or vagina.I would suggest you to consult an OBGYN specialist to get properly examined, and if there is no local lesions, then you should try to abstain from intercourse till the fetal cardiac activity appears.Hope you found the answer helpful.RegardsDr Deepti Verma",0
ai_23,"It is not uncommon for pregnant women to experience some bleeding after having sex, especially in the first trimester. However, it is important to speak with a healthcare provider about any bleeding during pregnancy, as it can be a sign of a potential problem.

An early intrauterine pregnancy, or a pregnancy that is located inside the uterus but not yet attached to the uterine lining, can sometimes cause bleeding. This can happen if the pregnancy is not viable, or if the fertilized egg does not implant properly in the uterine lining.

It is important to follow the recommendation of your healthcare provider and have another ultrasound in two weeks to determine the viability of the pregnancy. This will help to determine the best course of action for you and your baby. In the meantime, it is important to avoid sexual activity if you are experiencing bleeding, and to speak with your healthcare provider about any concerns or questions you may have.",1
ai_24,"There are several things you can try to control hair fall and potentially promote new hair growth. It's important to note that the effectiveness of these methods can vary from person to person, and it's always a good idea to consult a healthcare professional for personalized recommendations.

Use a gentle shampoo and conditioner: Using a gentle shampoo and conditioner that is formulated for your hair type can help to reduce hair breakage and improve overall hair health.

Avoid using heat styling tools: Heat styling tools, such as hair dryers and straighteners, can damage your hair and contribute to hair loss. If you do use heat styling tools, try to use them on a lower heat setting and use a heat protectant spray to help minimize damage.

Eat a healthy diet: A healthy diet that is rich in nutrients, including protein, iron, and vitamins A and C, may help to support healthy hair growth.

Avoid tight hairstyles: Hairstyles that pull on the hair, such as tight ponytails or braids, can contribute to hair loss. Try to avoid these types of hairstyles, or at least wear them less often.

Consider using hair growth products: There are a number of hair growth products available that may help to promote hair growth and reduce hair loss. These include minoxidil, which is available over the counter, and finasteride, which is a prescription medication. It's important to speak with a healthcare professional before starting any new treatment, as these products may have potential side effects.

Get enough sleep and manage stress: Getting enough sleep and managing stress can help to support overall health, including the health of your hair.

Consult a healthcare professional: If you are concerned about hair loss, it's a good idea to consult a healthcare professional, such as a dermatologist or trichologist. They can help to determine the cause of your hair loss and recommend the most appropriate treatment.",1
human_25,"DearWe understand your concernsI went through your details. You had already consulted doctors and they prescribed medicines to you and said there is nothing to worry. In that case, you should accept their opinion and stop worrying. You may consult an urologist if you again want to do so. But, I suggest, make it the last time. Worry, anxiety and obsession is another key basic reason for pains which may not have any medical explanation. The best method is to ignore the pain. You also mention that the pain is after masturbation. Stop masturbating for 15 days and restart. You will get relief. If you require more of my help in this aspect, please use this URL. http://goo.gl/aYW2pR. Make sure that you include every minute details possible. Hope this answers your query. Available for further clarifications.Good luck. Take care.",0
ai_26,"It is normal to have some discomfort or soreness after masturbation, but if you are experiencing significant pain, it is important to speak with a healthcare provider. The pain you are describing could be caused by a number of factors, including an infection, inflammation, or irritation.

It is generally best to see a primary care provider or a urologist for issues related to the scrotum and anus. These doctors can perform a physical examination and potentially order tests to determine the cause of your pain. They can also recommend treatment options, which may include medication, lifestyle changes, or other therapies.

It is important to address this issue, as persistent pain can be a sign of a more serious underlying condition. Therefore, it is important to seek medical attention as soon as possible to determine the cause of your pain and receive appropriate treatment.",1
human_27,"Hello,Bronchitis or lung disease with bilateral hilar lymphadenopathy is generally not associated with asthma and your sister needs a full respiratory evaluation.Chest X Ray is not a sensitive test, so a HRCT (high resolution CT scan) will be required to see the lymph nodes in detail.There are several conditions especially infections that present with enlarged lymph nodes and present with shortness of breath (appears like asthma) and hence the requirement of a full check.Lung function tests (pulmonary function tests) with diffusion capacity is required as well. A bronschopy may be required after the HRCT scan.Blood tests: Complete hemogram, Liver function tests, ACE level, IgE, Urea Creatinine, ANA, ANCA are also required.A treatment plan can be decided only after these tests are done.I hope that was useful.Best Wishes.",0
ai_28,"It is important to consult with a healthcare provider for proper diagnosis and treatment of allergic asthma and any related conditions. Bronchitis is an inflammation of the bronchial tubes, which can be caused by infections or irritants, and it can lead to symptoms such as coughing, shortness of breath, and chest pain. Bilateral hilar lymphadenopathy refers to swelling of the lymph nodes in the chest, which can be caused by various conditions, including infections, inflammation, or cancer.

Treatment for allergic asthma and bronchitis may include medications such as inhaled corticosteroids to reduce inflammation in the airways, bronchodilators to help open up the airways, and leukotriene inhibitors to prevent inflammation. Your healthcare provider may also recommend lifestyle changes, such as avoiding triggers that can worsen asthma symptoms, getting vaccinated to prevent respiratory infections, and practicing good respiratory hygiene (such as covering your mouth and nose when you cough or sneeze).

In some cases, additional tests or procedures may be needed to determine the cause of the bronchitis and bilateral hilar lymphadenopathy, and to guide treatment. It is important to follow your healthcare provider's instructions and to keep all of your appointments for follow-up care.

I would recommend discussing your concerns and treatment options with your healthcare provider. They will be able to provide more specific recommendations based on your sister's specific situation. If you have any additional questions or concerns, don't hesitate to ask your healthcare provider for more information.",1
human_29,"HelloThanks for your query.  NORMAXIN   contains chlordiazepoxide + clidinium bromide ,it is used commonly for irritable bowel syndrome .It is advisable to take medicine one hour before meal or two hour after for better absorption.If you have got the relief than there is no need to repeat it.  ‘Hope I have answered your query, I will be available to answer your follow up queries, “Wish you Good Health and trouble free speedy recovery”",0
ai_30,"Normaxin is a brand name for the medication norfloxacin, which is an antibiotic used to treat infections caused by bacteria. It is important to follow the dosing instructions provided by your healthcare provider, as taking too much or too little of the medication can affect its effectiveness and may cause side effects.

Taking 5 tablets of Normaxin after dinner may cause side effects such as nausea, vomiting, diarrhea, and stomach pain. You should not take any more Normaxin without first consulting with your healthcare provider. It is important to let your healthcare provider know about the mistake you made, as they can advise you on the appropriate course of action.

If you are experiencing abdominal pain, you should contact your healthcare provider for further evaluation and treatment. It is not recommended to self-medicate or alter your medication regimen without medical guidance.",1
human_31,"Dear parent, I understand your concerns but running and swimming are of the most beneficial activities children can benefit from. running improves the circulation , the heart functions  , the respiratory functions and muscle power. however you need to pay a special attention to water and electrolyte balance . this means that swearing a lot makes the child losses water and electrolytes . you need to replace these lost elements. keep him hydrated adequetly  with water and juices to compensate",0
ai_32,"It's generally not advisable for children under the age of 12 to participate in long-distance running, such as four miles, due to the potential for overuse injuries and the stress it can place on their developing bodies. Children's bodies are still growing and developing, and participating in activities that involve high impact and repetitive movements can increase their risk of injury. It's important to encourage children to be physically active, but it's also important to ensure that they are participating in activities that are appropriate for their age and development level.

That being said, every child is different and some children may be more physically able than others. If your son is able to complete the runs without experiencing pain or exhaustion and is enjoying them, it's possible that he may be able to continue participating in these activities. However, it's important to monitor his progress and pay attention to any changes in his ability or willingness to participate. If you have any concerns about your son's participation in these activities, it's always a good idea to consult with a healthcare provider.",1
human_33,"Hello, Thanks for posting your query on Healthcare Magic...* Brief Answer: you need to lessen your salt intake and follow up blood pressure accurately.*Explanation: My opinion is that high blood pressure on many occasions is an indication for control .That happens on many levels. First, be sure that high blood pressure is not secondary to any other diseases as Cushing or renal failure.Then ,Diet with low salt and less fat content is crucial. Exercise and other healthy activities are also a mean to control blood pressure. If all that dose not help, medications are a must .That is usually decided by your doctor according to your condition and comorbidities .Some drugs that are perfect for patients are not necessary good for others.Regular blood pressure monitoring is as important as starting treatment so that we could assess efficacy of the medication we started.I suggest my patients the following : low salt in diet and exercise .The information provided by you is not sufficient to provide a good opinion. If someone comes to me with this condition I would ask them about *Conclusion: I suggest you avoid high heels and check out salt content of every item you eat or drink.   If you have any further questions I will be happy to help, If not, you can close the discussion and rate the answer. Wish you good health.",0
ai_34,"It is possible for your blood pressure to stabilize after being on a high salt diet, but it is important to monitor your blood pressure and consult with a healthcare provider if you are concerned about your blood pressure or if you experience persistent swelling.

Elevated blood pressure can be caused by a variety of factors, including high salt intake, obesity, lack of physical activity, stress, and certain medications. Maintaining a healthy lifestyle, including following a low-salt diet, getting regular physical activity, and managing stress, can help to manage blood pressure.

If you are taking medications to control your blood pressure, it is important to follow your healthcare provider's instructions for taking your medications and to report any changes in your symptoms or blood pressure readings to your provider. They may need to adjust your treatment plan if your blood pressure remains elevated or if you experience side effects from your medications.

It is also important to get regular check-ups with a healthcare provider to monitor your blood pressure and overall health. They can help you determine the best course of treatment for managing your blood pressure and any other health conditions you may have.",1
ai_35,"Pelvic pressure during pregnancy can sometimes be a sign of preterm labor, which is labor that occurs before 37 weeks of pregnancy. Preterm labor can lead to premature birth, which can be associated with a number of complications for both the mother and the baby.

If you are experiencing pelvic pressure and are concerned about the possibility of preterm labor, it is important to contact your healthcare provider right away. They will be able to assess your symptoms and determine whether you are at risk of preterm labor. They may recommend a number of measures to help prevent preterm labor, such as bed rest, medications to stop contractions, or other treatments.

It is also important to note that not all pelvic pressure during pregnancy is a sign of preterm labor. Other factors, such as the baby's position in the uterus or the growth of the uterus, can also cause pelvic pressure. However, if you are concerned about any symptoms you are experiencing during pregnancy, it is always best to speak with your healthcare provider for guidance.",1
human_36,"Hello and Welcome to ‘Ask A Doctor’ service. I have reviewed your query and here is my advice. As you have told me, your husband is suffering from racing thoughts, this might be a part of his personality which is right from his childhood causing racing thoughts and also behaving based on those thoughts. One modality of getting better from this is to regularly exercise at least 2 to 3 days per week and have regular walks in the morning time so that the neurotransmitter levels in the brain get normal and the neurotransmitters responsible for pleasure also increases in his brain so that he feels better, then his racing thoughts will come down. If he still has a problem then short term mood stabilizers can be taken which will help him feel better regarding his racing thoughts. I hope I have solved your query. Feel free to ask any further questions.Thank you",0
ai_37,"It sounds like your husband may be experiencing racing thoughts, which can be a symptom of various conditions such as anxiety, bipolar disorder, or attention deficit hyperactivity disorder (ADHD). If your husband has not already done so, it is important for him to speak with a healthcare professional, such as a doctor or a mental health provider, to determine the cause of his racing thoughts and to develop a treatment plan.

There are several medications that can be used to help slow down racing thoughts and improve symptoms of anxiety, bipolar disorder, or ADHD. Some examples of medications that may be helpful in these cases include:

Selective serotonin reuptake inhibitors (SSRIs) and serotonin-norepinephrine reuptake inhibitors (SNRIs): These are types of antidepressants that can help reduce anxiety and improve mood. Examples include paroxetine (Paxil), sertraline (Zoloft), and venlafaxine (Effexor).

Benzodiazepines: These medications can be used for short-term relief of anxiety symptoms. Examples include lorazepam (Ativan) and clonazepam (Klonopin).

Mood stabilizers: These medications are used to treat bipolar disorder and can help to stabilize mood swings. Examples include lithium and valproate (Depakote).

Stimulant medications: These medications are used to treat ADHD and can help to improve focus and attention. Examples include amphetamines (Adderall) and methylphenidates (Ritalin).

It is important to note that these medications can have side effects and may not be suitable for everyone. It is important to discuss the potential risks and benefits with a healthcare professional before starting any new medication.",1
human_38,"Hello,  So if you have symptoms of anaemia like breathlessness and severe fatigue, or if you are unable to take iron tablets,  transfusion is indicated. Otherwise, you can take iron tablets. Else, you can take injectable iron also. Hope I have answered your query. Let me know if I can assist you further. Take care Regards,Dr Deepak Sundriyal, Oncologist",0
ai_39,"It is important to discuss treatment options with a healthcare provider. Severe anemia can be caused by various factors, and the appropriate treatment will depend on the underlying cause of the anemia and the severity of your symptoms.

In general, treatment for anemia may include taking iron supplements, receiving a blood transfusion, or receiving injections of iron or other medications. Your healthcare provider will consider a number of factors, including your age, overall health, and the severity of your anemia, when determining the best treatment plan for you.

If you are experiencing severe symptoms of anemia, such as difficulty breathing or chest pain, you may need to be treated in a hospital setting. In these cases, a blood transfusion may be necessary to quickly increase your hemoglobin levels.

It is important to follow your healthcare provider's recommendations and to continue with any prescribed treatment as directed. If you have any concerns about your treatment plan, it is important to discuss them with your healthcare provider.",1
human_40,"Hello. There are various causes of LV diastolic dysfunction like advanced age, hypertension, diabetes, and obesity. It has stages 1 to 4. In your case, it is grade 1, that is, mild diastolic dysfunction. Treatment for it is to treat underlying causes like hypertension, diabetes and to treat symptoms related to it like dyspnea. The doctor has suggested stress echocardiography probably to rule out blockages in heart arteries. Hope this helps. For more information consult a cardiologist online --> https://www.icliniq.com/ask-a-doctor-online/cardiologist",0
ai_41,"LV diastolic dysfunction refers to a condition in which the left ventricle (LV) of the heart is unable to relax and fill properly during diastole, which is the part of the cardiac cycle when the heart is filling with blood. Grade 1 diastolic dysfunction refers to a mild form of this condition.

The treatment of LV diastolic dysfunction depends on the severity of the condition and the underlying cause. Some common treatments include:

Medications: Diuretics may be prescribed to help reduce fluid accumulation in the body and lower blood pressure. Other medications, such as angiotensin-converting enzyme inhibitors or angiotensin receptor blockers, may be used to improve blood flow and reduce strain on the heart.

Lifestyle changes: Making changes to your diet, exercise routine, and stress management can help improve your overall heart health and manage the symptoms of LV diastolic dysfunction.

Cardiac rehabilitation: This program of exercise and education can help improve your overall heart health and reduce the risk of future complications.

Surgery: In severe cases, surgery may be necessary to repair or replace damaged heart tissue.

It is important to follow the treatment plan recommended by your doctor and to attend regular follow-up appointments to monitor the condition and make any necessary adjustments to the treatment plan.",1
human_42,"Hello,Your symptoms are not typical of MND. Instead, they are more suggestive of a pinched nerve or a bulging disc in the neck. For this reason, I recommend consulting with a neurologist for a physical exam and performing a cervical spine X-ray study and nerve conduction studies.Hope I have answered your question. Let me know if I can assist you further.Regards,Dr. Ilir Sharka, Cardiologist",0
ai_43,"There are several possible causes of shoulder and arm pain with numbness in the hand, including:

Pinched nerve: This can occur when a nerve in the shoulder, arm, or hand becomes compressed or squeezed, leading to numbness and tingling.

Shoulder impingement syndrome: This is a condition that occurs when the tendons or bursae (small fluid-filled sacs) in the shoulder become compressed, causing pain and numbness in the arm and hand.

Cervical radiculopathy: This is a condition that occurs when a nerve in the neck becomes pinched or compressed, leading to pain, numbness, and weakness in the arm and hand.

Thoracic outlet syndrome: This is a condition that occurs when the nerves or blood vessels in the upper chest become compressed, leading to pain, numbness, and weakness in the arm and hand.

Multiple sclerosis: This is a neurological condition that can cause muscle weakness, numbness, and tingling in the arms, legs, and other parts of the body.

Carpal tunnel syndrome: This is a condition that occurs when the median nerve, which runs from the forearm into the hand, becomes compressed, leading to numbness and tingling in the hand and fingers.

It's important to see a healthcare provider for a proper diagnosis and treatment plan. While motor neuron disease (MND) could be a potential cause of these symptoms, it is just one possibility and there are many other potential causes. Your healthcare provider will be able to determine the specific cause of your symptoms and provide appropriate treatment.",1
human_44,"Hi...by what you quote I feel that your son might be having a post viral skin peeling or dry skin (idiopathic). I suggest using emollient ointment or creams for this. If still not better - I suggest you to upload photographs of the same on this website, so that I can guide you scientifically.  Skin conditions are best diagnosed only after seeing directly. Regards - Dr. Sumanth",0
ai_45,"There are several possible causes of skin peeling on the hands and feet of a child. Some common causes include:

Dry skin: Dry skin can be caused by a variety of factors, including low humidity, frequent hand washing, and exposure to harsh chemicals or detergents. Dry skin can lead to peeling, especially if it is not moisturized properly.

Fungal infection: Fungal infections, such as athlete's foot, can cause skin peeling between the toes. These infections are often accompanied by itching and redness.

Allergic reaction: An allergic reaction to a product or substance can cause skin peeling on the hands and feet.

Eczema: Eczema is a common skin condition that causes dry, itchy, and inflamed skin. It can lead to skin peeling and cracking.

It is difficult to determine the exact cause of your son's skin peeling without more information or a medical examination. I recommend consulting a healthcare provider for a proper diagnosis and treatment plan. They can recommend a cream or other treatment if necessary. It is also important to practice good hygiene, such as washing hands frequently and drying them thoroughly, to prevent the spread of germs in the locker room or elsewhere.",1
human_46,"welcome to hcm,as u have rt upper abd pain no fever & jaundice & usg abdomen normal then u most likely to have peptic ulcer diasease (gastric ulcer)as pain ancreases after taking meal.u should stop taking mirch/masala/alcohol/ciggarette etc,take tab pantop-d 40mg 1 tab 2 times a day 1/2 hr before meal erverything will be all right.",0
ai_47,"It is important to follow your doctor's advice and take the prescribed medication as directed. It is also important to pay attention to your diet and try to identify any specific foods or habits that may be causing or contributing to your abdominal pain.

There are several possible causes of upper right abdominal pain that can radiate to the back, even if the ultrasound is normal. Some possible causes include:

Gallbladder problems: The gallbladder is located in the upper right abdomen and can cause pain when it becomes inflamed or infected.

Pancreatitis: Inflammation of the pancreas can cause upper abdominal pain that may radiate to the back.

Ulcers: Stomach or duodenal ulcers can cause abdominal pain that may be worse after eating.

Constipation: Severe constipation can cause abdominal pain, especially in the upper right part of the abdomen.

Hernia: A hernia is a protrusion of abdominal tissue through a weak point in the abdominal wall, which can cause pain in the upper right abdomen.

If you are still experiencing abdominal pain after completing the prescribed course of medication and have not been able to identify any specific triggers or habits that may be contributing to the pain, it may be a good idea to follow up with your doctor for further evaluation and testing. They may recommend additional tests, such as blood work or a CT scan, to help determine the cause of your symptoms.",1
human_48,"Hi. I have seen the picture attached along with your complaint (attachment removed to protect patient identity). You have severe dental fluorosis along with severe external stains. It is definitely possible to get whiter teeth with the help of dental veneers. Firstly the procedure includes complete thorough cleaning of the stains. Secondly the teeth visible in your smile zone will have to be prepared (ground slightly on the front surfaces) to fix in the dental veneers. Coming to the cost of the procedure,there are two types of veneers. One is composite veneers which has to be done in the clinic manually by the dentist. But this has short life and a major disadvantage of discoloration. Two, ceramic dental veneers which have to be made in the laboratory and then fixed on the prepared teeth. Ceramic ones are much suitable for you as it can long last and hide the brownish colour of your present teeth to a greater extent but this is expensive than composite ones. Ceramic veneers have different price ranges and it depends on your dentist and the laboratory. Discuss with the your dentist about it and choose your best suited range.",0
ai_49,"It is possible to treat brown teeth due to fluoride staining by professional teeth whitening methods. The most effective method of whitening teeth that have been discolored by fluoride is through in-office bleaching, which is done by a dental professional. This method uses a stronger concentration of bleaching agents and a special light or laser to enhance the whitening process. It is typically more expensive than at-home whitening methods, but it can produce more dramatic results in a shorter period of time.

Other treatment options for brown teeth due to fluoride staining include at-home bleaching kits that use lower concentrations of bleaching agents and take longer to produce results. These kits can be purchased over the counter or from a dental professional, and they generally cost less than in-office bleaching.

It is important to note that teeth whitening treatments are not permanent, and the results will eventually fade over time. To maintain the whiteness of your teeth, you may need to undergo regular touch-up treatments or use at-home maintenance products, such as whitening toothpaste or mouthwash.

It is also worth noting that fluoride is an important mineral that helps to protect the teeth from decay. If you are concerned about fluoride staining, you may want to speak with your dental professional about ways to reduce your exposure to fluoride, such as using a toothpaste that is low in fluoride or avoiding drinking water that has high levels of fluoride.",1
human_50,"Hi, I think your husband can be treated by antibiotics course for 7 to 10 days. Generally it will not affect you. There will be no problem in conceiving.  Be in contact with your husband every 2 to 3 days after your periods stop.  You can try like that for 3 cycles.  If it doesn't work then you can go for IUI.  Hope I have answered your question. Regards Dr khushboo",0
ai_51,"There are several tests that can be used to help determine the cause of difficulty conceiving. These tests may include:

Ovulation testing: This involves checking for the presence of hormones that indicate ovulation, such as luteinizing hormone (LH) and follicle-stimulating hormone (FSH).

Semen analysis: This involves testing a sample of your husband's semen to check the number, shape, and movement of his sperm.

Hysterosalpingogram (HSG): This is an X-ray procedure that involves injecting a special dye into the uterus and fallopian tubes to check for any abnormalities or blockages.

Pelvic ultrasound: This uses sound waves to create an image of the reproductive organs, which can help detect any abnormalities or problems.

Endometrial biopsy: This involves taking a small sample of the lining of the uterus to check for any problems with the endometrium, which is the tissue that lines the uterus.

Laparoscopy: This is a surgical procedure that involves inserting a small camera into the abdomen to check for any problems with the uterus, fallopian tubes, or ovaries.

It is important to note that the presence of pus cells in your husband's semen does not necessarily mean that he has a sexually transmitted infection (STI). Pus cells can be present for a variety of reasons, including inflammation or irritation. Your husband should discuss this issue with his healthcare provider to determine the cause of the pus cells and to determine the best course of treatment. If an STI is diagnosed, it is important that both you and your husband receive treatment to reduce the risk of transmission. After treatment, the chances of conceiving may be improved, but it is not possible to guarantee that conception will occur. It is important to continue to work with your healthcare provider to determine the best course of action for you and your husband.",1
ai_52,"It is possible that the symptoms you experienced, such as cold sweats and weakness in the face, were due to the reaction to severe pain in your shoulders. Pain can cause a range of physical and emotional symptoms, and it is common for people to experience feelings of nausea, weakness, and dizziness when they are in severe pain. It is also possible that the sudden onset of pain in your shoulders may have caused your body to release stress hormones, which can contribute to these symptoms. It is important to speak with a healthcare professional if you are experiencing severe pain or other concerning symptoms, so they can assess your condition and provide appropriate treatment.",1
human_53,"Hello,Thanks for posting your query.Initially,cause of thrush has to be evaluated.Discontinue the use of antibiotics causing allergy.Take plenty of fluids as well as nutritious diet.Vitamin becosules as well as folic acid supplements has to be administered.Discontinue use of dentures or appliances causing allergy.Antifungal drugs has to be administered after consulting with your dentist or physician.Take care.",0
ai_54,"It's possible that the roughness in your mouth could be a side effect of the treatment for thrush or it could be a sign of a different oral health issue. Thrush is a fungal infection caused by the yeast Candida albicans, and it can affect the mouth, throat, and other areas of the body. The most common treatment for thrush is antifungal medication, which can be taken orally or applied topically.

It's also possible that the roughness in your mouth could be a sign of a condition called geographic tongue. Geographic tongue is a benign (non-cancerous) condition that causes patches of redness and smoothness on the top and sides of the tongue. These patches can have a rough or sandpaper-like texture. The cause of geographic tongue is unknown, but it is thought to be related to changes in the way the tongue grows and sheds its outer layer of skin.

If the roughness in your mouth is causing you discomfort or concern, it's important to see a healthcare provider or dentist for an evaluation. They can help determine the cause of the roughness and provide appropriate treatment. In the meantime, you can try practicing good oral hygiene by brushing your teeth twice a day, flossing daily, and using an antimicrobial mouthwash to help keep your mouth clean and healthy.",1
ai_55,"I'm sorry to hear that you are experiencing pain below your chest. It is important to seek medical attention for any persistent pain, as it can be a symptom of a variety of underlying health conditions. Tuberculosis is a serious infectious disease that can affect the lungs and other parts of the body, and it is important to follow the treatment plan prescribed by your healthcare provider to ensure a full recovery. If you have recently finished treatment for tuberculosis and are experiencing pain, it is important to contact your healthcare provider to discuss your symptoms and determine the cause of the pain. They may recommend additional tests or treatments to address the pain and any underlying health issues.

Additionally, it is generally recommended to avoid alcohol or to drink in moderation, as alcohol can interfere with the effectiveness of some medications and can also exacerbate certain health conditions. If you are concerned about your alcohol consumption, it may be helpful to speak with a healthcare provider or a substance abuse treatment professional for guidance and support.",1
human_56,Hello and Welcome to ‘Ask A Doctor’ service. I have reviewed your query and here is my advice. Some babies may have these effects. Pus cells may be normal or due to gut infection. Give the baby some gut flora like Enterogermina. Hope I have answered your query. Let me know if I can assist you further.,0
ai_57,"It is important to consult with a healthcare professional about your son's symptoms and the results of his stool test. Green stools can be caused by a variety of factors, including the use of certain medications, such as omeprazole. It is also possible that your son has an infection or another underlying condition that is causing his symptoms.

It is important to have your son evaluated by a healthcare professional to determine the cause of his symptoms and to recommend appropriate treatment. The healthcare professional may recommend further testing, such as a stool culture, to determine the cause of the green stools and the presence of pus cells and mucous. They may also recommend adjusting the dosage of omeprazole or switching to a different medication to manage your son's reflux.

It is important to follow the recommendations of the healthcare professional and to continue to monitor your son's symptoms. If you have any concerns about your son's health or treatment, it is important to speak with the healthcare professional managing his care.",1
human_58,"Hi,dear thanks for the query to my HCM virtual online clinic.My diagnosis-Cold abscess with lymphadenitis / or / Boil with discharging mouth with swollen follicle underneath?.I would advise to get it checked with ER Surgeion.Treatmenit-a-Consultation with Surgeon, b-Tb NSAIDs , c-Antibiotics  or anti-TB Drugs with Surgeons diagnosi and under his advise.Dont worry and act fast.This would solve your worrysome query.Hope this would solve your query.Wellcome to my HCM clinic once again.Have a Good Day.",0
ai_59,"It is difficult for me to accurately diagnose a skin condition without seeing it in person or having more information about your medical history. I recommend that you visit a healthcare provider or a dermatologist for an evaluation and proper treatment. They will be able to examine the bump on your neck and determine the cause and the appropriate treatment. In the meantime, try to keep the area clean and avoid picking at or scratching the bump to prevent infection. If the bump is painful or if you have any other concerns, it is important to seek medical attention as soon as possible.",1
ai_60,"I'm sorry, but I am not a medical professional and cannot give you advice on your daughter's condition. It is important to have a mole on the gums or anywhere else on the body checked by a doctor or dental professional. Moles on the gums or inside the mouth can sometimes be a sign of a type of skin cancer called melanoma, which can be serious if not treated promptly.

I recommend that you make an appointment with your daughter's dentist or pediatrician as soon as possible. They will be able to examine the mole and determine if it needs to be removed or if any further treatment is necessary. They will also be able to address your daughter's toothache and determine if it is related to the mole. In the meantime, try to keep the area clean and avoid biting or picking at the mole.

It's also important to note that moles are usually benign (non-cancerous), and many people have moles on their skin or inside their mouth. However, it is always best to have any unusual growths or changes in the mouth or on the skin checked by a medical professional to be sure.",1
human_61,"Hello dear,The symptoms as mentioned in your post can be due to Gastroenteritis.Management includes:1. Maintain adequate hydration by intake of fluids & ORS.2. Taking soft, plain, non spicy diet.3. Anti spasmodic for symptomatic relief.4. If bacterial infection is suspected, then antibiotics need to be taken under guidance of a Doctor.Since it has already been 3 days since you are having the symptoms, kindly consult your General Physician & start treatment accordingly.Wishing you a speedy recovery.Thanks & take care.",0
ai_62,"It's possible that you have a digestive issue such as irritable bowel syndrome (IBS), gastroenteritis, or an intestinal infection. These conditions can cause abdominal pain and diarrhea.

To help alleviate the symptoms, it's important to stay hydrated by drinking plenty of fluids, such as water, electrolyte solutions, or clear broth. Avoiding dairy products and fatty or spicy foods may also help. Over-the-counter medications like loperamide (Imodium) may help to reduce diarrhea, but be sure to follow the instructions on the label and speak with a healthcare professional before taking any medication.

If the symptoms persist or worsen, it's important to see a healthcare professional for a proper diagnosis and treatment. In the meantime, try to rest and take care of yourself.",1
ai_63,"I'm sorry to hear that you've been trying to get pregnant for two years and are struggling with ovarian cysts and endometriosis. These conditions can definitely make it more difficult to get pregnant, but it's important to know that it's still possible. Here are a few things you can try:

Talk to your doctor: Your doctor can help you understand your specific fertility challenges and suggest treatments or lifestyle changes that may increase your chances of getting pregnant.

Consider fertility treatments: Depending on your specific situation, your doctor may recommend fertility treatments such as medications to stimulate ovulation, in vitro fertilization (IVF), or other procedures.

Make lifestyle changes: Eating a healthy diet, getting regular exercise, and reducing stress can all improve fertility.

Consider adoption or other options: If you are unable to get pregnant after trying for a certain amount of time, you may want to consider adoption or other options for building your family.

It's also important to take care of your emotional well-being while you're trying to get pregnant. It can be a challenging and emotional process, and it's important to find ways to cope with the ups and downs. You may want to consider seeking support from friends, family, or a mental health professional.

I hope this information is helpful. Please don't hesitate to reach out if you have any other questions.",1
human_64,"You are a known case o umbilical hernia.The symptoms of redness, hotness and tenderness in a known case of umbilical hernia is suggestive of an Obstruction , there is a chance that the the intestines is involved in the obstruction. You need an Urgent Surgery to see the damage and repair the intestines , and hernia.",0
human_65,"Hello dear and Welcome to ‘Ask A Doctor’ service. I have reviewed your query and here is my advice. Hydrocortisone 5mg will reduce the inflammation in the airway. So, you can use it to help with the difficulty of breathing. Of course, to continue the treatment you should consult your doctor. Hope I have answered your query. Let me know if I can assist you further.Kind regards! Dr.Dorina Gurabardhi General &Family Physician",0
human_66,"Hi,Thanks for writing in.Apprehension about the normal size of penis is a major concern for men. At 18 years age, you are too young to judge the size of  your penis. It is made up of muscles and the growth at puberty and adolescent is under the influence of testosterone. A research study was done in healthy Indian males on penis size during flaccid and erect and the width of the penis. Mean flaccid length was found to be 8.21 cm, mean stretched length 10.88 cm and circumference 9.14 cm. Mean erected length was found to be 13.01 cm and erected circumference was 11.46 cm. If your penis measurements are at least as mentioned above then there is no need to worry.Semen flowing with urine is a misconception in most men at your age. If you feel it is present then it needs to be evaluated after clinical examination with the urologist. Any urine infection must also be ruled out.",0
human_67,"Hi Dear Welcome to the HCMRecurrent respiratory tract  infections are quite common, But only 6 to 12 episodes a year are ok, not more than that.Inadequately or /partially treated case may many times present like this.Such children to be treated/investigated with the consultation of pediatrician. All the prescribed drugs to be given with recommended doses and duration according to the weight of the baby.Hope the query is answered.Thanks",0
human_68,"Hi thanks for asking question.Noted you have growth in liver since long duration.If you are smoking and having history of oc pills then liver hemangioma like growth may present.So if in USG it is vascular then care taken while doing biopsy.Here it can be simple adenoma.It could be chronic inflammatory or infective condition.So after examination and according to suspucian USG guided biopsy can be taken to differentiate whether it is about infection, inflammatory or tumour condition.If you have bleeding and coagulation disorder then biopsy can be done very carefully.Wish you good health.Take care",0
human_69,"Hi, dearI have gone through your question. I can understand your concern.  He has bone cancer.  Possibility of cure depends on type and stage of cancer as well spread.  In early stage of cancer chances of complete cure is high.  In later stage possibilities of complete cure is low.  Please send me details of cancer so that I can help you further. Thanks for using health care magic. Wish you a very good health.",0
human_70,"Hi,Thanks for writing in hcm.From the description which you have given the diagnosis seems to be gall stones. You can try dissolution treament provided the stones are soft and do not exhibit post acoustic shadowing which your report does not mention. If this fails then the treatment in symptomatic cases is cholecystectomy.Regards",0
human_71,"Hello You need proper clinical examination and investigations.As lump is superficial and slippery,it may be lipoma.Yellow urine may be due to dehydration,but it is important to rue out infection.Investigations include routine hemogram,random blood sugar,urine RE/ME,urine culture and sensitivity,ultrasound of abdomen.Treatment depend upon findings.You should drink plenty of water.Take CareDr.Indu Bhushan",0
human_72,"Hi Dear,Welcome to HCM.Understanding your concern.Thanks for your concern . The lumps under your jaw are most probably swollen lymph nodes . Lymph nodes gotswollen due to infection . There could be other reasons also for lumps under jaw like dental abscess or swelling due to blocked duct of submandibular gland .I would suggest you to :-- Apply warm compresses to the lumps 2-3 times a day .- Keep yourself hydrate by drinking at least 8 Glasses of water .- Avoid drinking cold beverages .- Avoid drinking and smoking.Consult ENT specialist (ear,nose,throat) for proper diagnosis . Doctor may palpate it physically or may go for CT scan to find out exact cause or to rule out other causes .Doctor may prescribe antibiotics along with medicine for any underlying disease if there is any .If doctor finds any dental related cause he/she will refer you to dentist . There acn be many treatment options for dental abscess like root canal . extraction or minor surgery.Hope your concern has been resolved.Best Wishes,Dr. Harry Maheshwari",0
ai_73,"Lymph nodes, also known as lymph glands, are small, bean-shaped organs that are part of the immune system. They are located throughout the body, including under the jaw and chin. Lymph nodes are responsible for filtering out bacteria, viruses, and other substances that may be harmful to the body.

There are many possible causes of swollen lymph nodes under the jaw and chin. Some common causes include:

Infections: Swelling in the lymph nodes under the jaw and chin can be caused by infections, such as a cold, flu, or sore throat.

Dental problems: Swelling in the lymph nodes under the jaw and chin can also be caused by dental problems, such as gum disease or an abscessed tooth.

Cancer: In rare cases, swelling in the lymph nodes under the jaw and chin can be a sign of cancer, such as lymphoma or leukemia.

Other conditions: Swelling in the lymph nodes under the jaw and chin can also be caused by other conditions, such as rheumatoid arthritis or HIV.

If you are concerned about the swollen lymph nodes under your jaw and chin, it is important to see a healthcare provider for a proper diagnosis and treatment. In the meantime, it is generally best to avoid touching or massaging the swollen lymph nodes, as this can sometimes make them more swollen or painful.",1
human_74,"Hi,You can start trying for pregnancy. Consult a physician to change your medicine or the dose of the medicine as you will be trying for pregnancy and safer drugs are available for that.Hope I have answered your query. Let me know if I can assist you further. Regards,Dr. Khushboo Priya",0
ai_75,"It is generally possible for people with epilepsy to have children, but it is important to carefully consider the potential risks and to carefully manage your epilepsy during pregnancy. Epilepsy itself does not directly cause fertility problems, but certain medications used to treat epilepsy can affect fertility. Additionally, uncontrolled seizures during pregnancy can increase the risk of complications for both the mother and the baby.

Before trying to conceive, it is important to discuss your plans with your doctor and to ensure that your epilepsy is well-controlled. This may involve adjusting your medication regimen or implementing other seizure prevention strategies. Your doctor can help you weigh the potential risks and benefits of becoming pregnant with epilepsy and can provide guidance on how to minimize any potential risks.

It is also important to consider the potential risks to your baby if you have uncontrolled seizures during pregnancy. Seizures can reduce the amount of oxygen that reaches the baby, which can cause problems with fetal growth and development. It is generally recommended that epilepsy be well-controlled before pregnancy and throughout the pregnancy to minimize the risk of complications for both the mother and the baby.

In summary, it is generally possible for people with epilepsy to have children, but it is important to carefully manage your epilepsy and to discuss your plans with your doctor before trying to conceive. Your doctor can provide guidance on how to minimize any potential risks and ensure the best possible outcome for both you and your baby.",1
human_76,"Hi,I feel by what you quote he should be having a - Hand Foot Mouth disease. This is one viral illness among all other exanthemas which can cause fever followed by rash over palms and soles. It is a self-limiting disorder and itching can be really worrisome. I suggest you to use any over the counter antihistamine if you have one with you now. You can use Hydroxyzine at 1-2 mg/kg/dose (Maximum 10mg) every 6th to 8th hourly for 7 days. This can even cause some peeling of skin in the next 4-6 weeks and do not worry about it.Hope I have answered your query. Let me know if I can assist you further. Regards, Dr. Sumanth",0
ai_77,"There are many possible causes of a rash on the torso, face, and arms in an infant. Some common causes include:

Allergic reactions: Infants can develop allergic reactions to certain foods, medications, or other substances that come into contact with their skin.

Infections: Bacterial or viral infections can cause a rash in infants.

Heat rash: Heat rash is a common cause of a rash in infants, especially during the hot summer months.

Dry skin: Dry skin can cause a rash in infants, especially if they are not being moisturized regularly.

Eczema: Eczema is a common skin condition that causes a rash, redness, and itching. It is often hereditary and can be triggered by certain substances or situations.

It is important to have a rash in an infant evaluated by a healthcare provider. They will be able to determine the cause of the rash and provide appropriate treatment. In the meantime, you can try to keep the affected areas cool and moisturized, and avoid any triggers that may be causing the rash.",1
ai_78,"It is generally not recommended to drink alcohol while taking any medication, including rabipur (also known as Rabavert or Rabies Vaccine). Alcohol can interfere with the way the medication is metabolized and can potentially increase the risk of side effects.

Rabipur is a vaccine that is given after exposure to rabies, to help prevent the development of the disease. It is important to follow the recommendations of your healthcare provider and complete the full course of the vaccine as prescribed. If you are experiencing side effects from the vaccine, it is important to discuss this with your healthcare provider. They may be able to recommend ways to manage the side effects or make adjustments to your treatment plan.",1
ai_79,"Placing a magnet over a pacemaker can interfere with its function and potentially cause temporary or permanent damage. Pacemakers are designed to be sensitive to magnetic fields, as they use magnetic fields to transmit energy and information to and from the device. However, the strength and duration of the magnetic field can affect the pacemaker's function.

If you accidentally placed a strong magnet over your pacemaker for a few hours, it is important to seek medical attention as soon as possible. It is possible that the magnet could have disrupted the pacemaker's function and caused temporary or permanent damage. Only a trained medical professional can determine the extent of any potential damage and provide appropriate treatment.

It is generally recommended to avoid placing strong magnets near pacemakers, as they can interfere with the device's function. If you have a pacemaker, it is important to follow the instructions provided by your healthcare provider and seek medical attention if you have any concerns about your device or its function.",1
human_80,"Hi Dear,Welcome to HCM.Understanding your concern. As per your query lump on my jaw line is mainly due to  swollen lymph node, which is sub-mandibular group of lymph nodes and any infection in the head and neck region like teeth and gums, ear can cause this. I would suggest you to consult a physician and get evaluated and in case of infection antibiotic course can resolve the swelling. In case the swelling does not subside even after treatment or in case if there is no pathology found Biopsy has to be done to rule out for any malignant pathology such as tumor.Hope your concern has been resolved.Get Well Soon.Best Wishes,Dr. Harry Maheshwari",0
ai_81,"There are several possible causes for a lump on the jaw line. It could be a benign (noncancerous) growth, such as a cyst or a lipoma (a fatty tissue growth), or it could be a sign of a more serious condition, such as an abscess or a tumor. It's important to have any new lumps or bumps checked out by a healthcare professional to determine the cause and determine the appropriate treatment.

It's also possible that the lump you're feeling is related to your wisdom teeth. Wisdom teeth, or third molars, are the last teeth to come in, usually appearing in the late teenage years or early twenties. They can sometimes cause discomfort or pain as they emerge, and may cause lumps or swelling in the gums. However, it's important to have any new lumps or bumps checked out by a healthcare professional to determine the cause and determine the appropriate treatment.

If you are concerned about the lump on your jaw line, it's a good idea to see a healthcare professional for an evaluation. They can examine the lump, ask about your medical history, and perform any necessary tests to determine the cause and recommend the appropriate treatment.",1
ai_82,"It is important to note that rheumatoid arthritis (RA) and rheumatism are two different conditions. RA is an autoimmune disorder that causes inflammation in the joints and surrounding tissue, while rheumatism is a general term that refers to a variety of conditions that cause pain and swelling in the joints and muscles. Penidure injections are not a treatment for either condition.

The main goal of treatment for RA is to reduce inflammation and prevent joint damage. This can be achieved through a combination of medications, physical therapy, and lifestyle changes. Penicillin is not a commonly used treatment for RA.

There are several different types of medications that are used to treat RA, including nonsteroidal anti-inflammatory drugs (NSAIDs), disease-modifying antirheumatic drugs (DMARDs), and biologics. Each of these medications has its own set of potential side effects, and it is important to discuss the risks and benefits with a healthcare provider before starting any treatment.

It is also important to work with a healthcare provider to develop a treatment plan that is tailored to your specific needs and goals. This may involve a combination of medications, physical therapy, and lifestyle changes, such as exercise and stress management techniques.

It is not clear whether there is a cure for RA, but with proper treatment, it is possible to manage the condition and reduce the severity of symptoms. It is important to continue working with a healthcare provider and follow their recommended treatment plan in order to achieve the best possible outcomes.",1
ai_83,"I'm sorry to hear that you are experiencing constant depression and forgetfulness. These can be very difficult and distressing symptoms to live with. It's important to remember that you are not alone and that there are effective treatments available.

If you are struggling with depression and other mental health concerns, it is important to seek professional help. A mental health professional, such as a therapist or counselor, can help you to identify the causes of your depression and develop strategies to manage your symptoms. They can also help you to develop coping skills and build resilience to better handle the challenges you are facing.

In addition to seeking professional help, there are some things you can try on your own to help improve your mood and manage your symptoms:

Exercise regularly: Physical activity has been shown to be an effective treatment for depression and can help to improve your mood, reduce stress, and improve your overall sense of well-being.

Get enough sleep: Proper sleep is essential for good mental health. Aim for 7-9 hours of sleep per night.

Eat a healthy diet: A balanced diet that is rich in nutrients can help to improve your mood and overall health.

Stay connected with others: Building and maintaining supportive relationships with friends and family can be a powerful way to cope with depression and improve your mood.

Find activities that bring you joy: Engaging in activities that you enjoy, such as hobbies or spending time with loved ones, can help to lift your mood and provide a sense of purpose and meaning.

It's also important to remember that it can take time to find the right treatment and approach for your needs. Don't be discouraged if you don't see improvement right away. It's important to be patient and to keep working with your healthcare team to find what works best for you.",1
human_84,"Hi welcome to the health care magic First of all check your complete recovery by doing liver profile investigation with serum total bilirubin,  serum indirect and direct bilirubin,  sgpt,  sgot value.... If all report are within limit and clinically found alright then you can drink alcohol But best is to avoid alcohol If you desire to take it then take in safe limit and don't cross safe limit  line of drinking alcohol Take care Hope your concern solved",0
ai_85,"It is generally recommended to avoid alcohol while you are recovering from jaundice and until your liver function has returned to normal. Jaundice is a symptom of an underlying liver problem, and alcohol can further strain and damage the liver. It is important to allow your liver time to heal and recover before you start drinking alcohol again.

In general, it is also recommended to limit alcohol intake to reduce the risk of developing liver problems. For men, the recommended maximum daily alcohol intake is two drinks per day, and for women, it is one drink per day. One drink is equal to 12 ounces of beer, 5 ounces of wine, or 1.5 ounces of hard liquor.

It is also important to note that alcohol can interact with medications you may be taking for your liver or any other medical condition. It is always a good idea to talk to your doctor about whether it is safe for you to drink alcohol and if so, in what amounts.",1
human_86,"Dear Ma'am, Sorry to hear about your daughter's problem. You should also get a urine culture done as PID is often associated with urinary infection and that is often neglected.Also PID and UTI require a prolonged course of antibiotics (for at least 5-7 days).If her pain is still persisting, she should also undergo an abdominal ultrasound, which will give information about the rest of the abdomen as well. Hoping for the best.",0
ai_87,"I'm sorry to hear that your daughter is experiencing abdominal pain and indigestion. It is important to follow up with her healthcare provider for proper diagnosis and treatment. It is possible that the free fluid in the peritoneal cavity and the negative cultures for sexually transmitted infections may indicate another underlying cause for her symptoms. Some other possibilities could include inflammatory conditions, digestive disorders, or other infections.

In the meantime, it is important for your daughter to try to get plenty of rest and stay hydrated. She can also try over-the-counter medications such as antacids or acid blockers to help alleviate her indigestion symptoms. It is also important for her to follow the prescribed antibiotic regimen as directed by her healthcare provider, even if she is not feeling improvement yet.

If her symptoms worsen or she experiences any other concerning symptoms, it is important for her to seek medical attention right away. It is also important for her to follow up with her healthcare provider to determine the underlying cause of her symptoms and determine the most appropriate course of treatment.",1
ai_88,"Anxinil is the brand name for the medication called buspirone, which is used to treat anxiety disorders. It is important to follow the dosage and frequency of this medication as directed by your healthcare provider.

If you take an excess dose of buspirone, you may experience some side effects, such as drowsiness, dizziness, or lightheadedness. You may also experience headache, nausea, or tremors. In rare cases, an overdose of buspirone can cause more serious side effects, such as seizures or a rapid heartbeat.

It is important to note that taking an excess dose of any medication can be harmful and may even be life-threatening in some cases. If you think you have taken an excess dose of buspirone or any other medication, it is important to seek medical attention immediately. Do not try to treat an overdose on your own, as it can be dangerous and could potentially be life-threatening.",1
human_89,"DearWe understand your concernsI went through your details. Please understand, masturbation is a natural habit and it cannot harm your health if you practice it with moderation. I do not know your age. But once in a day is considered OK. If you are above 30, please reduce the frequency to thrice or four times a week.Involuntary ejaculation of sperm is a body procedure on which you do not have any control and it is neither due to masturbation practice nor it is unhealthy.  Body removes waste accumulated sperm from within. That is all. Don't worry about it.If you require more of my help in this aspect, please use this URL. http://goo.gl/aYW2pR. Make sure that you include every minute details possible. Hope this answers your query. Available for further clarifications.Good luck.",0
ai_90,"Masturbation is a normal and healthy part of human sexuality. It is a way for people to explore their own bodies and learn what feels good to them. Most people masturbate at some point in their lives, and it is generally not harmful or problematic.

However, if you are masturbating to the point where it is interfering with your daily life or causing distress, it may be worth considering seeking help. For example, if you are masturbating multiple times a day and it is affecting your ability to attend to your daily responsibilities or you are experiencing feelings of guilt or shame around your masturbation habits, it may be helpful to speak with a mental health professional.

It is also important to note that frequent urination is not necessarily related to masturbation. There are many potential causes of frequent urination, including underlying medical conditions such as urinary tract infections, diabetes, and prostate problems. If you are experiencing frequent urination or other urinary symptoms, it is a good idea to speak with a healthcare professional for proper evaluation and treatment.",1
ai_91,"It is possible that your husband's rash could be caused by an allergy to apples, although there are many other potential causes as well. Rash on the feet and chest, especially if it has spread to the arms, could be caused by a variety of factors, including allergic reactions, infections, or other underlying medical conditions. Without more information, it is difficult to pinpoint the specific cause of the rash.

If your husband has not had this rash before and it appeared shortly after eating apples, it could be a sign of an allergic reaction to the fruit. Other symptoms of an allergic reaction to apples may include swelling of the lips and tongue, difficulty breathing, and nausea or vomiting. If your husband is experiencing any of these symptoms, it is important to seek medical attention as soon as possible, as an allergic reaction can be serious.

If your husband has not experienced any other symptoms besides the rash, it is still a good idea to speak with a healthcare provider for a proper diagnosis and treatment plan. The healthcare provider will be able to examine the rash and ask about any other symptoms your husband may be experiencing. They may also ask about his medical history and any medications or supplements he is taking. Based on this information, they will be able to determine the most likely cause of the rash and recommend the appropriate treatment.",1
human_92,Dear I read your scenario .PPI do nothing to your albumine .just take Aminoleban infusion which will maintain your albumin level. After taking this infusion then repeat the serum albumin it should be in the normal range .you should take food rich in protein.hope you get well soon if you any problem regarding this then you can ask me otherwise you should go to concern doctor near toyou. thanks.,0
ai_93,"Serum albumin is a protein that is produced by the liver and is important for maintaining proper fluid balance in the body. Low levels of serum albumin, also known as hypoalbuminemia, can be caused by various factors, including malnutrition, liver disease, and certain medications, such as proton pump inhibitors (PPIs) that are used to treat acid reflux.

To improve your serum albumin levels, it is important to address any underlying medical conditions that may be causing the deficiency. If you have liver disease or malnutrition, your healthcare provider may recommend specific treatment options to help improve your serum albumin levels. If you are taking PPIs and your serum albumin levels are low, your healthcare provider may recommend an alternative treatment for acid reflux or may suggest that you take a break from the PPIs to see if your serum albumin levels improve.

It is also important to maintain a healthy diet that includes a variety of protein-rich foods, such as meat, poultry, fish, eggs, beans, and nuts. These foods can help your body build and repair tissues, including the proteins that make up your serum albumin.

In addition, your healthcare provider may recommend supplements or medications to help improve your serum albumin levels. However, it is important to speak with your healthcare provider before starting any new supplements or medications to ensure that they are appropriate for you and do not interact with any other medications you may be taking.

In summary, to improve your serum albumin levels, it is important to address any underlying medical conditions, maintain a healthy diet that includes protein-rich foods, and consider supplements or medications as recommended by your healthcare provider.",1
human_94,"Hello, and I hope I can help you today.Pregnancy symptoms vary widely between women, and the symptoms of irregular hormones (which can also delay your period) are very similar to the symptoms of pregnancy.  Women sometimes don't ovulate at the same time as usual, and other factors, such as weight changes, travel, and stress, can also make your cycle abnormal.Furthermore, in your particular case, your husband has been sterilized.  And you had a pregnancy test that was negative, which is just as accurate as the ones in a doctor's office.So I think you do not have to worry about being pregnant.To be totally secure about your husband's sterility, he could get a sperm count done to make sure the vasectomy worked, if you would find that reassuring.I hope I was able to adequately answer your question today and that my advice was helpful.Best wishes,Dr. Brown",0
human_95,"Hi, dearI have gone through your question. I can understand your concern. First of all you need to confirm diagnosis whether it is ITP or SLE. For that you should go for bone marrow examination and ANA profile.  It will give you exact diagnosis whether your son has ITP or SLE or both.  Then you should start treatment accordingly. Hope I have answered your question, if you have doubt then I will be happy to answer. Thanks for using health care magic. Wish you a very good health.",0
human_96,"Hi,Thanks for asking.Based on your query, my opinion is as follows.1. Uric acid levels are mildly elevated.2. Go on complete vegetarian diet. Non-veg food is rich in uric acid.3. Deposition can occur in joints leading to arthritis or in various organs. Even uric acid stones in kidney can be formed. Organ failure can occurAny further queries, happy to help again.",0
human_97,"Hello.Thank you for asking at HCM.I went through your history and would like to make following suggestions to you:1. Chest X-ray is usually clear in asthma and it is a good sign for you.2. I would agree with your doctor as common cause of excessive phlegm in allergy patients is sinusitis, which is an ENT thing.3. Of course, sinusitis requires patience while treatment. I usually suggest my such patients regular intranasal corticosteroids for 2-3 weeks, regular montelukast and regular steam inhalation.4. I also suggest my such patients plenty of warm fluids during day, a healthy diet and avoidance of dusts, smokes and air pollution as much as possible.5. Personally, I would also suggest you allergy testing which will help you identify your allergies and the measures to avoid them.Hope above suggestions will be helpful to you.Should you have any further query, please feel free to ask at HCM.Wish you the best of the health.Thank you & Regards.",0
human_98,HiWelcome to healthcaremagicI have gone through your query and understand your concern.Some swelling in the area is important cause of numbness. Elevation of limb is helpful. Mecobalamin is helpful in recovery. You can discuss with your doctor about it. Hope your query get answered. If you have any clarification then don't hesitate to write to us. I will be happy to help you.Wishing you a good health.Take care.,0
human_99,"Hello, It could be due to some local inflammation or infection in the nearby region. As a first line management, you can start a short course of antibiotics. If the nodes persist for very long duration, a fine needle biopsy may be considered for a diagnosis. Hope I have answered your query. Let me know if I can assist you further. Wishing all the best. Thanks. Regards,Dr. Shinas HussainGeneral & Family Physician",0
human_100,"Hello dear,I understand your concern.In my opinion delayed periods can be there without pregnancy.There are various reasons for it like thyroid abnormalities,PCOD,overweight or obesity,anaemia ,stress etc.As the irregular periods are present I suggest you to consult doctor so that the above causes are ruled out.The investigations like Hb,thyroid profile,ultrasound might help in diagnosis.If overweight or obesity weight reduction is helpful.Avoid stress if any.And adapt healthy lifestyle like healthy nutritional diet and exercise daily.Nothing to worry.Once the cause is treated cycles might become regular.Relax.Hope this helps.Best regards...",0
